time_id,r_bist,r_garan,r_ereg,r_ansgr,r_toaso,r_vestl,r_usd
1,-1.4458,-4.5872,1.7241,0.0000,0.0000,-2.1277,-0.6814
2,-0.0151,0.7692,3.3898,-1.9231,5.8219,-2.1739,2.5386
3,1.2095,0.7634,0.8197,2.9412,5.5016,0.7407,-0.4015
4,-5.8475,-3.9773,-8.9431,-5.7143,-7.0552,-8.0882,1.9483
5,-0.7600,-2.3669,-2.6786,-4.0404,0.9901,-2.4000,0.0659
6,4.4163,8.2828,5.5046,2.1053,0.9804,3.2787,0.0659
7,-6.7771,-11.5672,-5.2174,-7.2165,-10.0324,-9.5238,1.5137
8,5.8749,12.2363,0.9174,8.8889,6.1151,6.5789,-0.1297
9,-0.7461,-3.1955,1.8182,-3.0612,0.0000,-0.4115,-0.8439
10,2.3050,4.8544,1.7857,2.1053,3.7288,-0.4132,0.4583
11,5.9391,10.0000,5.2632,2.0619,5.5556,3.7344,0.1955
12,2.5599,2.1886,1.6667,2.0202,2.7864,7.2000,-1.3659
13,1.9384,7.5783,-0.8197,1.9802,4.5181,-1.4925,-1.8464
14,-1.6250,-5.3599,0.8264,0.9709,4.3228,-0.7576,-0.6718
15,0.1972,-1.4563,-2.4590,-1.9231,0.0000,-0.7634,0.2705
16,1.0640,0.0000,1.6807,0.0000,3.3149,-1.5385,0.0000
17,-10.6381,-11.6585,-5.7851,-12.7451,-8.8235,-15.6250,4.9578
18,5.8096,8.5502,-3.5088,2.2472,0.0000,4.6296,-1.7674
19,-2.9351,-4.9658,-2.7273,-5.4945,-6.7449,-2.6549,3.1730
20,2.0736,3.7838,1.8692,0.0000,1.8868,2.2727,-0.8561
21,-1.1239,-5.2083,-3.6697,2.3256,0.0000,-3.5556,2.0467
22,0.9498,4.5788,0.0000,-1.1364,-1.8519,0.4608,-0.8775
23,3.4514,5.2539,0.9524,6.8966,9.1195,2.7523,-1.5808
24,-2.0518,-4.1597,0.0000,-4.3011,-3.4582,-4.4643,1.3492
25,-0.4078,1.3889,-1.8868,0.0000,-5.0746,-3.2710,-0.7290
26,2.7220,4.2808,0.0000,1.1236,10.0629,3.3816,-0.8940
27,1.0122,1.4778,0.0000,1.1111,1.7143,1.4019,-0.8698
28,2.7199,3.3981,2.8846,0.0000,-2.5281,1.3825,-0.9100
29,0.9565,2.5039,0.9346,1.0989,-1.7291,3.6364,-1.0823
30,-0.1900,-1.8321,3.7037,2.1739,3.5191,3.0702,-1.0942
31,-2.1307,-6.5319,0.0000,-1.0638,-5.9490,-0.4255,1.5421
32,0.4618,1.3311,0.8929,2.1505,4.5181,0.0000,-0.0660
33,1.0145,0.6568,0.8850,0.0000,4.3228,-1.7094,0.5286
34,2.7852,4.2414,1.7544,3.1579,5.8011,0.4348,-1.3802
35,-0.6406,0.6260,0.8621,-3.0612,0.0000,-1.2987,0.9997
36,5.3688,11.0420,5.1282,5.2632,2.3499,3.9474,-1.1877
37,0.5942,-0.5602,2.4390,1.0000,2.2959,0.4219,-1.4023
38,0.9982,-4.0845,8.7302,3.9604,9.4763,-0.4202,-1.9641
39,3.5981,5.4332,2.9197,0.0000,10.9339,2.1097,-2.1416
40,4.2905,1.8106,3.5461,0.9524,-1.8480,2.8926,-0.4942
41,1.2918,5.1984,-2.7397,5.6604,0.0000,2.0080,0.9933
42,-3.1636,-3.9012,-2.1127,-1.7857,-1.2552,-3.9370,0.4917
43,2.9358,3.2476,3.5971,3.6364,2.3305,1.2295,-2.2370
44,-1.7322,-3.5387,-2.7778,18.4211,1.0352,-0.8097,2.1452
45,0.6398,1.0870,1.4286,-2.9630,0.0000,-0.8163,1.0501
46,-5.5006,-5.6452,-6.3380,-8.3969,-7.3770,-2.8807,3.0481
47,1.0771,2.2792,0.0000,1.6667,11.2832,1.6949,-0.8067
48,-3.1426,-4.7354,-3.7594,-6.5574,-5.7654,-0.8333,1.7621
49,-1.9068,-8.0409,-0.7813,-3.5088,-2.7426,0.0000,3.0636
50,4.3183,6.3593,5.5118,6.3636,3.4707,2.5210,-0.0646
51,-0.3967,-1.7937,-1.4925,0.0000,-0.8386,0.0000,-0.1940
52,4.1903,4.5662,3.0303,5.1282,13.9535,7.7869,1.4901
53,-1.2951,-2.3290,-2.9412,-4.8780,1.2987,-2.2814,-0.9575
54,-2.8761,-5.3651,-0.7576,-0.8547,-6.0440,-1.9455,0.9668
55,-4.1197,-6.6142,-0.7634,-4.3103,4.6784,-5.1587,2.5535
56,3.3186,7.4199,-0.7692,5.4054,-2.0484,2.5105,-1.1204
57,-0.8860,-3.4537,3.1008,2.5641,-3.8023,1.2245,-0.1259
58,1.9394,5.6911,0.7519,-0.8333,-4.3478,1.2097,-0.6934
59,-6.9991,-7.2308,-4.4776,-13.4454,-6.1983,-7.5697,1.2060
60,-0.4147,-0.8292,-2.3438,-0.9709,9.0308,-2.1552,0.5017
61,4.3671,6.5217,0.8000,-3.9216,-3.4343,3.0837,-1.0608
62,0.0903,-0.4710,12.6984,3.0612,0.8368,4.2735,-0.3784
63,0.6387,-0.6309,0.0000,0.9901,2.0747,7.3770,-1.8993
64,2.2840,-2.0635,2.1127,3.9216,5.6911,3.0534,-0.7744
65,3.6200,6.9692,2.0690,5.6604,1.5385,-2.9630,-2.0163
66,0.5246,1.8182,0.0000,1.7857,5.1136,0.7634,0.4647
67,0.3525,-0.5952,4.0541,0.8772,-1.4414,-0.3788,0.1321
68,0.8129,0.8982,4.5455,1.7391,0.5484,3.4221,0.1320
69,-1.4573,0.4451,-3.7267,0.8547,-11.0909,-1.4706,1.1862
70,-5.3571,-9.1581,-4.5161,-7.6271,-4.2945,-6.3433,3.5168
71,-1.9922,-4.0650,-1.3514,-8.2569,2.3504,1.9920,0.0000
72,-1.4079,0.3390,-0.6849,-3.0000,0.2088,1.5625,0.8808
73,0.6402,3.3784,2.7586,2.0619,-2.0833,9.6154,-1.6838
74,1.4224,3.4314,1.3423,0.0000,-3.4043,-4.5614,0.1903
75,-3.1140,-4.1074,0.0000,-3.0303,-3.9648,-0.3676,1.0130
76,0.5768,3.2949,-3.3113,-1.0417,8.2569,-3.3210,2.4444
77,1.9201,0.6380,6.1644,2.1053,-1.4831,2.2901,-1.4683
78,0.5242,2.2187,-0.6452,0.0000,-0.4301,-2.2388,1.1487
79,-1.5112,-3.2558,0.6494,1.0309,0.8639,-3.0534,1.1971
80,-4.5227,-4.1667,-2.5806,-1.0204,-14.1328,-9.0551,2.7298
81,4.1693,6.6890,-1.9868,0.0000,9.7257,8.6580,-0.9448
82,-9.6799,-10.1881,-10.1351,-8.2474,-13.6364,-7.5697,3.3979
83,-7.2458,-10.1222,-6.0150,-16.8539,1.0526,-10.3448,2.8827
84,1.6729,1.5534,0.0000,-1.3514,-6.7708,0.4808,-0.0560
85,1.2171,1.3384,-1.6000,-4.1096,-4.1899,-1.9139,-1.6821
86,3.1052,4.9057,4.0650,1.4286,13.7026,1.9512,-0.2281
87,0.9530,1.4388,-4.6875,4.2254,0.5128,2.3923,2.1720
88,3.5660,5.4965,0.0000,6.7568,5.6122,2.3364,-0.3357
89,-2.7171,-2.3529,-6.5574,-3.7975,-4.3478,-1.3699,3.0312
90,5.9834,6.5404,6.1404,2.6316,5.5556,-0.4630,1.3620
91,-3.9446,-10.0162,-3.3058,-3.8462,0.7177,-1.3953,-1.1825
92,3.4209,6.4632,6.8376,5.3333,3.5629,0.9434,-0.1632
93,-4.2292,-7.0826,6.4000,-7.5949,0.9174,-2.8037,0.0545
94,0.4402,-1.2704,8.2707,5.4795,1.8182,2.4038,-5.0640
95,-1.5114,1.2868,-11.1111,-5.1948,-6.0268,-4.6948,0.9751
96,0.0378,1.4519,-1.5625,0.0000,-1.9002,-1.4778,0.7952
97,-3.0739,-4.8301,-0.7937,-2.7397,-7.5061,-5.0000,2.7050
98,-6.2464,-4.8872,-7.2000,-7.0423,-4.4503,-7.8947,3.0727
99,7.2409,5.7312,7.7586,4.5455,12.0548,10.8571,-2.8214
100,-1.7060,-0.3738,3.2000,-4.3478,-3.1785,-6.1856,1.0408
101,-4.0292,-4.1276,-10.0775,-6.0606,-8.3333,-4.3956,1.9517
102,0.5474,0.0000,7.7586,3.2258,1.9284,5.1724,0.9572
103,-1.3128,-1.3699,-2.4000,7.8125,0.5405,-1.0929,-0.5267
104,-2.1146,-4.7619,1.6393,1.4493,2.4194,3.8674,-0.6354
105,2.7483,0.8333,4.8387,1.4286,11.0236,4.7872,-0.9326
106,6.4522,11.3636,0.0000,2.8169,6.1466,4.5685,-1.5869
107,4.4967,4.2672,8.4615,2.7397,3.5635,-0.9709,-2.5690
108,4.8665,4.6263,7.0922,2.6667,5.3763,4.4118,-1.7952
109,-1.3564,-4.4218,-4.6358,1.2987,-2.0408,-1.4085,0.7998
110,2.9987,3.2028,2.7778,0.0000,2.0833,5.2381,-0.6234
111,-2.2480,-3.9655,-0.6757,1.2821,-6.7347,0.0000,0.4847
112,1.9500,3.7702,3.4014,0.0000,5.0328,-0.4525,0.0284
113,-2.6632,-3.8062,-3.9474,-5.0633,-3.1250,-3.6364,1.1915
114,5.1550,6.1151,1.3699,1.3333,0.8602,1.4151,0.7850
115,-1.4741,-1.6949,-2.0270,9.2105,-4.9041,3.7209,0.0556
116,1.6373,4.1379,-9.6552,2.4096,7.3991,0.0000,-0.9452
117,-2.3765,-2.6490,0.0000,-1.1765,3.1315,1.7937,0.6175
118,-0.5857,0.8503,-2.2901,-4.7619,-1.8219,-3.9648,0.0558
119,-0.7588,-1.1804,-2.3438,0.0000,1.4433,0.0000,-0.3345
120,0.7880,-3.0717,3.2000,0.0000,5.8943,0.4587,-1.7343
121,-2.6090,-4.5775,-1.5504,-3.7500,-2.8791,-2.2831,-0.0569
122,-0.2424,-0.9225,-5.5118,2.5974,-2.3715,-3.7383,1.5380
123,-3.2899,-3.1657,-4.1667,-7.5949,-5.0607,0.4854,2.6367
124,-3.7337,-3.6538,-1.7391,-4.1096,-10.6610,-5.3140,0.7106
125,1.3837,4.9900,7.0796,-1.4286,0.0000,-1.5306,0.8141
126,3.1163,7.6046,1.6529,1.4493,5.2506,3.6269,-1.6151
127,2.0380,-0.3534,-2.4390,5.7143,2.9478,3.5000,-0.7661
128,3.3927,4.9645,1.6667,-1.3514,10.5727,0.0000,-0.0551
129,3.4608,5.0676,-5.7377,4.1096,3.5857,0.9662,-0.3862
130,0.3791,-1.6077,1.7391,3.9474,2.8846,-1.4354,0.7200
131,-0.1886,0.1634,1.7094,1.2658,-0.3738,0.4854,-0.3849
132,-1.3884,-1.6313,-7.5630,5.0000,-6.7542,-3.8647,-0.2208
133,4.1763,3.9801,2.7273,3.5714,10.2616,2.0101,0.1660
134,1.4460,1.1164,0.0000,0.0000,1.6423,-1.4778,-1.7675
135,-0.2720,0.3155,0.8850,-4.5977,6.1041,-1.0000,0.3374
136,0.9711,4.0881,1.7544,-2.4096,-4.3993,0.5051,0.8966
137,-0.1584,0.3021,0.0000,0.0000,-4.6018,-1.5075,-0.1111
138,2.6101,3.0120,0.0000,-1.2346,9.6475,0.0000,0.8340
139,0.8448,0.7310,7.7586,1.2500,-2.8765,-3.0612,-1.1028
140,0.3583,-1.3062,3.2000,0.0000,8.5366,0.0000,-0.2230
141,-0.4239,-2.3529,2.3256,0.0000,1.1236,0.5263,0.1676
142,-2.2017,-1.0542,-4.5455,-1.2346,-3.1746,-4.1885,0.0558
143,1.4865,4.8706,-0.7937,-1.2500,-5.2459,-0.5464,0.0000
144,3.2938,5.5152,1.6000,1.2658,4.4983,-0.5495,0.6691
145,1.6822,0.8253,-3.9370,-1.2500,5.4636,1.1050,-0.6092
146,-0.0927,-1.7735,-0.8197,1.2658,-1.2559,-1.0929,0.6687
147,1.0101,2.2222,3.3058,-1.2500,3.4976,-4.4199,-0.9410
148,0.5568,0.6793,0.0000,-5.0633,4.6083,2.3121,-0.0559
149,-1.4338,-2.8340,0.0000,-1.3333,0.1468,0.5650,0.7269
150,0.3020,0.8333,-1.6000,0.0000,5.4252,0.0000,-0.4996
151,2.8931,2.3416,4.8780,5.4054,1.8081,0.5618,-0.4463
152,4.3577,4.9798,5.4264,2.5641,0.9563,2.7933,0.2802
153,0.0668,2.0513,2.9412,-1.2500,-3.6536,1.6304,-0.5309
154,0.5133,-0.2513,-0.7143,8.8608,-5.1966,-0.5348,0.8708
155,2.4703,3.7783,1.4388,19.7674,5.0370,2.1505,-0.5013
156,1.2533,0.6068,2.8369,-1.9417,-1.9746,2.1053,-0.0840
157,1.8470,-1.6888,0.6897,9.9010,3.8849,7.2165,-0.7283
158,4.9009,6.0123,3.4247,-1.8018,1.8006,-0.9615,-0.7054
159,-0.2938,-2.1991,-1.3245,-0.9174,4.2177,1.4563,0.3694
160,-5.3488,-5.7988,-4.6980,-2.7778,-7.0496,-9.0909,-0.9343
161,-1.9168,-4.2714,-2.1127,-2.8571,-2.3876,-0.5263,1.0860
162,-0.7658,-0.6562,-3.5971,-0.9804,2.4460,-0.5291,-0.0565
163,-2.7954,-5.0198,-7.4627,1.9802,3.7921,-3.1915,1.7539
164,5.2291,7.9277,6.4516,-0.9709,1.7591,3.2967,0.1112
165,4.6002,6.1856,0.0000,5.8824,6.7819,1.0638,0.0555
166,-0.5101,0.8495,-3.7879,-1.8519,1.2453,2.1053,0.2775
167,-0.7982,-3.2491,1.5748,-0.9434,-1.7220,3.0928,0.3875
168,4.1806,5.3483,3.8760,3.8095,9.6370,0.0000,-0.2206
169,-4.4561,-6.4935,-2.9851,0.9174,-5.2511,9.0000,-0.7184
170,3.0581,5.8081,2.3077,3.6364,1.8072,11.4679,-0.4453
171,-1.5318,0.0000,-2.2556,-2.6316,1.3018,-3.2922,0.5312
172,2.1935,1.4320,2.3077,0.0000,4.6729,-2.9787,-0.0834
173,4.6778,7.7647,0.0000,4.5045,1.2277,1.3158,-0.1670
174,0.5334,1.3100,0.7519,-0.8621,3.6384,2.1645,0.5018
175,2.6303,5.8190,5.2239,0.8696,8.0851,14.8305,2.1637
176,-0.9883,-0.9165,-0.7092,0.8621,3.6417,-2.5830,0.2715
177,-5.5224,-11.4080,5.0000,1.7094,-2.8490,-8.3333,1.5164
178,-8.9050,-9.2807,-4.0816,-5.0420,-8.5044,-6.1983,0.1600
179,2.1428,0.6394,1.4184,3.5398,0.7479,2.2026,-1.2250
180,-8.6355,-9.6569,-6.9930,-5.9829,-3.0753,-9.9138,4.5834
181,4.3675,5.2039,-1.5038,-1.8182,-3.9387,11.9617,-0.4640
182,-4.1716,-8.0214,-3.8168,-3.7037,4.5558,-2.9915,1.9166
183,1.1081,-4.2151,2.3810,4.8077,3.1590,-1.3216,-0.7116
184,2.6407,6.9803,0.0000,0.0000,9.6093,4.9107,-1.6381
185,-4.3743,-6.5248,-2.3256,-0.9174,-10.5010,-11.4894,0.1041
186,2.0367,3.4901,2.3810,5.5556,0.3229,0.9615,0.3639
187,-0.6591,-2.0528,6.9767,0.0000,-3.8627,-1.4286,0.0000
188,0.9934,-0.2994,3.6232,-0.8772,1.2277,-1.4493,0.3108
189,-8.5400,-10.0601,1.3986,-4.4248,-13.2304,-9.8039,2.7369
190,-2.2639,4.3406,0.0000,-3.7037,-2.2872,-12.5000,1.7090
191,1.2622,5.1200,-0.6897,2.8846,-1.4304,3.7267,1.4579
192,6.5483,1.9787,8.3333,0.9346,5.6728,8.3832,-1.1690
193,8.6939,15.8209,1.9231,2.7778,19.1011,5.5249,-2.4643
194,-3.9693,-8.6340,2.5157,1.8018,-4.1929,-0.5236,2.5265
195,1.9187,-0.5642,-0.6135,1.7699,0.0000,0.5263,-1.8975
196,-0.0402,-1.2766,0.6173,2.6087,7.5492,4.7120,-0.3517
197,0.0769,-0.1437,-0.6135,0.8475,-0.7121,0.5000,0.0756
198,3.9831,5.0360,7.4074,-1.6807,3.7910,1.4925,-0.2519
199,-3.4947,-5.6164,4.0230,-1.7094,-8.2922,0.4902,1.8434
200,-3.3763,-3.7736,0.5525,-6.0870,1.5070,-8.2927,1.4381
201,0.4802,2.4133,-1.6484,2.7778,-0.3181,-3.7234,-0.6355
202,1.8376,-0.2946,2.7933,4.5045,3.5106,0.5525,-1.1562
203,0.1457,0.0000,0.0000,2.5862,-0.8222,-0.5495,0.5724
204,-3.1286,-4.2836,-2.7174,2.5210,-1.8653,0.5525,0.1980
205,0.9356,-1.0802,1.6760,-1.6393,4.6463,0.0000,0.6915
206,-6.0651,-2.1841,-6.5934,-5.0000,4.7427,-8.2418,2.5018
207,-8.1750,-8.1340,-5.2941,0.8772,-16.4740,-16.7665,3.0629
208,3.2588,1.7361,6.8323,1.7391,2.0761,10.0719,1.1145
209,2.9484,4.0956,6.9767,6.8376,4.1808,4.5752,-0.5511
210,-3.3530,-4.7541,1.0870,-4.0000,-6.3991,-7.5000,2.4475
211,-1.8397,-2.2375,3.2258,0.0000,-10.5446,-3.3784,4.7780
212,-3.9879,-6.8662,-3.1250,0.0000,0.0000,-2.0979,-2.4091
213,4.4556,8.1285,-1.6129,2.5000,5.6995,5.0000,-2.4686
214,0.4157,-0.5245,-0.5464,1.6260,-0.8578,0.0000,-1.4915
215,-1.5371,-2.4605,-3.2967,1.6000,-3.2138,9.5238,-0.0918
216,-2.0854,-3.0631,-5.6818,-0.7874,-0.8940,-3.1056,1.2170
217,0.8675,2.2305,5.4217,0.0000,2.3196,3.2051,-0.1361
218,0.2899,3.8182,2.2857,-3.1746,-0.5038,1.2422,0.9314
219,2.0551,2.9772,-1.1173,0.0000,3.7975,1.8405,0.4051
220,7.0269,13.7755,5.6497,0.0000,6.5854,-0.6024,-1.8157
221,5.0140,4.3348,-1.0695,2.4590,12.4714,4.8485,-3.6758
222,0.2114,0.2865,4.8649,-2.4000,-4.6796,-1.7341,-0.0474
223,1.0169,0.7143,4.6392,0.8197,2.4546,2.9412,0.9723
224,-2.8408,-6.6667,-0.9852,-0.8130,-0.4167,0.5714,0.1644
225,5.2814,10.4863,0.9950,4.0984,3.5565,7.3864,-1.5944
226,0.5374,2.7510,4.4335,-2.3622,-3.8384,24.3386,-0.8578
227,-0.7327,-2.9451,1.4151,-1.6129,2.4160,-8.5106,0.6248
228,4.0679,5.7931,1.3953,0.8197,1.5385,8.3721,-0.5016
229,1.5746,0.2608,5.9633,-2.4390,0.8081,10.3004,0.5041
230,1.3971,1.4304,11.2554,2.5000,0.4008,6.6148,-0.7165
231,-1.7238,-1.5385,2.7237,3.2520,-1.8962,-4.3796,1.9870
232,-0.7732,-3.3854,3.7879,-3.1496,9.7660,1.9084,1.1180
233,0.0914,1.0782,-0.7299,0.8130,-5.3753,1.1236,-0.9564
234,-1.1948,-3.8667,11.3971,2.4194,-2.6445,21.8519,0.3062
235,2.3598,5.1318,4.9505,-0.7874,-1.5091,-5.7751,-0.5166
236,3.7172,5.6728,2.8302,0.7937,0.0000,10.9677,0.2360
237,2.3125,3.8702,5.8104,1.5748,5.1073,5.8140,-1.5540
238,-2.5221,-4.3269,-2.8902,0.0000,-1.1662,8.5165,1.7699
239,-3.5259,-5.2764,-4.4643,-4.6512,-4.1298,6.3291,1.2691
240,-3.1659,-4.6419,-7.4766,-0.8130,0.4103,-1.1905,0.6962
241,2.9175,4.8679,5.7239,3.2787,0.4086,-1.6867,0.3227
242,1.7526,1.0610,-0.6369,0.7937,3.8657,2.2059,-0.7811
243,2.3410,4.5932,3.5256,-1.5748,0.3918,5.9952,-0.0926
244,-5.3195,-8.2811,2.1672,-3.2000,-4.4878,-4.0724,2.4565
245,-1.1551,-0.1368,-3.3333,1.6529,0.8172,14.6226,1.1762
246,-2.9764,-1.5068,-0.3135,-0.8130,-5.0659,18.3128,1.1178
247,-0.3324,-2.2253,-3.1447,-0.8197,7.7908,5.2174,1.4592
248,-1.1969,-0.4267,-1.6234,-1.6529,-1.9802,18.3471,-0.5012
249,2.7747,6.1429,10.2310,1.6807,4.7475,3.7709,-1.5988
250,5.1419,4.7106,1.1976,0.8264,2.2179,0.8075,-0.5787
251,1.4638,0.3856,1.4793,0.8197,1.0377,-1.7356,-0.6940
252,-3.2538,-4.6095,-6.7055,-0.8130,2.5210,-11.1413,1.7809
253,4.1738,7.2483,2.8125,0.0000,9.1075,1.5291,-1.0188
254,2.5492,1.5019,-0.9119,0.8197,-1.5860,2.2590,-0.7384
255,3.4664,8.3847,2.7607,4.0650,2.8838,-3.6819,-0.1127
256,-1.0778,-3.6405,1.4925,-0.7813,-0.6595,7.7982,2.0311
257,-2.3622,-4.6045,-6.1765,0.0000,-3.4855,-8.3688,1.6368
258,0.4171,2.9703,2.1944,-2.3622,1.9776,-3.2508,0.7399
259,1.6438,1.0817,0.9202,0.8065,2.6138,2.4000,0.1296
260,0.6023,0.7134,-0.6079,-0.8000,1.5612,-2.0313,1.1650
261,2.5620,2.4793,7.0336,-1.6129,-1.2136,2.3923,-2.3459
262,-0.2646,2.4194,-3.1429,0.8197,-0.9828,-6.2305,1.5724
263,3.7975,7.3116,6.4897,0.8130,9.2639,-2.8239,0.6450
264,-1.9730,-2.4109,-9.6953,-0.8065,-4.9962,2.7350,3.8881
265,-4.4503,-9.6670,-4.2945,0.0000,2.1514,0.4992,1.3983
266,0.9670,-0.9512,1.6026,0.8130,1.4821,2.6490,-0.2434
267,-0.3733,-0.1200,-0.6309,-1.6129,-3.5357,12.2581,-0.0203
268,-1.5691,-2.8846,-0.6349,1.6393,0.3187,14.5115,2.0943
269,-4.5603,-6.4356,-4.4728,-1.6129,-0.5560,-5.0188,4.7003
270,-4.5673,-4.4974,-3.3445,-1.6393,-7.4281,-15.8520,0.1902
271,7.6514,12.6039,6.5744,0.8333,7.3339,2.6688,-2.2024
272,-1.9540,-5.1661,-3.5714,-1.6529,0.6431,-9.9388,1.0483
273,2.5962,2.4643,7.0707,0.8403,4.5527,-8.3192,-1.3833
274,-0.4200,-2.0253,2.2013,0.0000,4.9656,4.0741,2.1820
275,-0.2759,-0.3876,1.5385,3.3333,-6.1863,-1.4235,2.6692
276,3.8021,1.2970,2.4242,1.6129,5.3530,1.0830,1.0399
277,-1.8752,-0.3841,-1.1834,-0.7937,-1.5464,-1.4286,-1.6909
278,0.1344,0.7712,4.4910,0.8000,1.8699,-8.5145,0.4861
279,4.2172,5.3571,4.0115,0.7937,8.3700,0.7921,-4.0558
280,-2.0558,-3.6320,-1.3774,0.0000,3.0488,-3.1434,0.5430
281,-3.2898,-3.1407,-3.3520,-0.7874,-3.2216,-4.4625,2.4301
282,-1.2506,0.0000,4.3353,-0.7937,-4.1440,-6.5817,0.1883
283,-1.7218,0.0000,-4.4321,0.8000,-4.0397,0.9091,2.0673
284,2.3865,1.0376,4.9275,0.7937,6.2777,-0.9009,-0.6997
285,1.3240,1.2837,-0.8287,0.7874,0.9034,11.5909,-1.2980
286,-2.7878,-4.4360,-5.0139,-1.5625,-2.2727,2.2403,0.9017
287,1.9391,2.1220,1.1730,0.7937,10.3594,-0.3984,-0.8937
288,-0.0025,0.0000,-3.1884,-1.5748,-2.6181,-4.8000,-0.2254
289,-4.9254,-5.3247,-5.6886,3.2000,-4.0000,-6.5126,3.2386
290,1.5215,2.8807,6.9841,0.7752,1.0929,2.9213,0.8754
291,-1.8554,-3.0667,-4.4510,0.0000,2.2297,-1.3100,0.3978
292,-1.4257,-4.8143,-0.9317,1.5385,0.5288,-9.5133,1.7648
293,-4.5418,-4.4798,-3.7618,-2.2727,-6.9691,-9.5355,2.7960
294,1.1434,1.2103,2.2801,2.3256,2.0495,25.4054,0.1377
295,-2.2661,-2.6906,-2.8662,0.0000,-2.2853,-9.6983,2.8193
296,-2.1922,-4.4547,-1.9672,2.2727,-1.1339,-3.5800,1.8057
297,5.2531,2.8939,6.0201,0.0000,7.5986,0.0000,-2.1022
298,-0.6509,0.6250,-4.4164,-0.7407,-4.1306,0.7426,1.5769
299,-0.2862,0.3106,-0.6601,3.7313,-1.1119,-3.1941,-1.0900
300,6.4765,8.3591,10.2990,2.8777,3.1623,8.6294,-3.0055
301,-0.9233,-3.0000,-0.6024,0.0000,0.0000,5.1402,-0.2410
302,2.0913,3.9764,-2.4242,0.0000,1.0899,21.1111,-0.3796
303,-0.8934,-1.9830,4.0373,-2.7972,5.7951,-9.3578,0.8315
304,3.1750,5.0578,-5.6716,0.0000,-1.0191,14.1700,0.0687
305,-0.0628,1.2380,-0.9494,0.0000,4.1828,3.0142,-1.6137
306,-1.4620,-0.9511,-0.3195,4.3165,1.9765,0.8606,-1.4308
307,-6.2508,-7.8189,-3.2051,0.6897,-4.6638,-8.7031,3.2926
308,-1.8154,0.2976,-6.2914,-0.6849,3.2402,1.3084,-1.3368
309,-5.3658,-7.1217,-5.3004,0.0000,-7.6308,-9.9631,3.0224
310,3.1019,6.5495,-5.9701,-0.6897,4.3304,14.9590,-1.8547
311,2.3864,0.4498,3.1746,0.0000,3.9591,-2.8520,0.1031
312,-3.3193,-2.8358,-5.3846,0.0000,-5.0983,-6.2385,0.0343
313,-1.5528,-1.5361,-1.6260,-2.0833,1.7476,-0.7828,3.0880
314,0.6356,2.9641,-1.2397,0.7092,-1.7176,1.7751,1.0318
315,-1.1512,-2.2727,2.0921,-0.7042,5.3722,-2.5194,-0.7906
316,4.6085,5.2713,2.4590,3.5461,2.0885,2.5845,-1.5939
317,0.9832,-0.4418,6.0000,0.0000,-1.5644,3.1008,-1.4510
318,-4.4016,-5.4734,-6.0377,-2.0548,-5.1345,-5.0752,0.0685
319,2.9294,1.8779,4.8193,0.6993,0.1289,1.5842,1.0950
320,2.6208,3.0722,4.5977,0.6944,3.1532,0.3899,-0.2708
321,3.0190,1.9374,4.7619,4.1379,2.0586,0.7767,-1.3575
322,2.8359,2.9240,3.1469,-0.6623,0.3056,5.3950,-1.1354
323,4.4889,2.1307,9.1525,2.6667,11.7002,3.1079,-0.2436
324,-1.9133,1.2517,0.3106,0.0000,-0.3273,-2.6596,0.1744
325,1.2328,1.3736,6.8111,0.0000,2.0252,9.4718,-1.3930
326,0.1732,1.6260,5.5072,-0.6494,-2.2532,9.6506,0.5298
327,3.7225,3.7333,5.7692,1.3072,6.6411,2.7314,0.2459
328,0.2985,-0.7712,3.6364,3.8710,3.9115,-3.2496,-0.6308
329,-0.5836,3.7565,-5.2632,-1.2422,-7.4789,10.5344,-1.5165
330,-8.1565,-13.4831,0.2646,-1.2579,1.4989,-13.9503,4.4047
331,-0.7141,0.7215,-6.8602,0.0000,-0.9494,-0.9631,1.7150
332,-1.8644,-3.5817,1.4164,-0.6369,0.0000,0.4862,0.3709
333,2.1886,4.0119,0.0000,0.6410,-0.6390,2.9032,-0.9407
334,0.1417,0.5714,-1.9553,-1.2739,5.5734,0.7837,-1.0514
335,-1.6025,-0.7102,0.5698,0.0000,1.9797,-0.1555,-0.1714
336,-1.8947,-0.4292,-2.8329,-0.6452,-5.8736,-2.9595,0.4807
337,-0.0855,0.4310,-0.2915,0.6494,0.7932,0.8026,-0.3075
338,3.4314,2.1459,7.0175,0.6452,11.1752,3.8217,-1.0968
339,0.0864,1.6807,0.2732,0.0000,-2.7843,2.1472,0.7971
340,6.1598,7.7135,12.2616,0.0000,0.9709,5.8559,-0.6876
341,-13.3859,-15.9847,-11.4078,-1.9231,-6.7308,-17.0213,5.7815
342,5.1118,3.6530,7.9452,0.6536,2.6289,8.7179,-2.0946
343,0.8755,3.8179,6.0914,-0.6494,-1.3561,21.0692,0.7688
344,2.8434,2.5460,2.6316,0.0000,1.0183,-4.5455,-2.0899
345,-0.1061,1.2414,-0.9324,0.0000,-0.4032,-1.0884,-0.7454
346,-1.3129,-1.4986,-4.7059,0.0000,-2.3279,0.6878,0.1707
347,-0.3051,1.7981,-3.2099,0.0000,-2.0725,-2.8689,0.7156
348,0.2201,2.0380,-2.5510,0.0000,-2.4339,-2.9536,0.2707
349,-1.3410,-0.1332,-3.1414,-0.6536,-3.3623,-3.7681,0.5062
350,4.9147,3.8667,3.7838,0.0000,6.3973,5.5723,-0.8058
351,-4.0975,-5.2632,-6.5104,0.6579,-2.5844,-5.4208,1.4216
352,1.9449,1.4905,2.7855,0.0000,3.4109,2.2624,1.8021
353,-0.5409,-0.6676,1.6260,0.0000,1.1518,-2.9499,0.9179
354,1.6626,2.6882,-2.6667,0.0000,0.9317,1.3678,0.1624
355,-0.6479,0.6545,-0.5479,1.3072,0.1026,-0.4498,0.9081
356,-5.1903,-7.4122,-6.8871,-0.6452,-5.5328,-8.2831,1.5748
357,1.2213,-0.4213,9.7633,1.2987,-0.9219,3.6125,2.9109
358,0.6183,0.8463,0.5391,0.6410,1.0400,-1.5848,3.7510
359,-1.6863,-4.7552,3.4853,2.5478,0.1625,-3.2206,2.1929
360,-1.3078,0.1468,5.1813,4.3478,-1.8929,-5.4908,2.1169
361,3.1834,1.9062,8.1281,-2.3810,5.3473,1.2324,-1.3063
362,2.4593,3.1655,2.9613,6.0976,4.1863,8.8696,0.8632
363,-0.7959,-1.3947,-2.2124,1.1494,0.8538,-0.4792,0.2853
364,1.5155,0.1414,0.9050,-1.1364,3.4861,1.9262,0.1991
365,-1.3208,-2.2599,-6.2780,-0.5747,-3.3686,-2.2047,2.9241
366,5.7294,5.9249,17.2249,4.6243,2.8386,5.3140,4.4959
367,1.8925,0.1364,-1.0204,5.5249,1.9370,8.4098,0.6599
368,0.9152,0.0000,1.8557,1.5707,3.5629,-10.4372,1.3898
369,5.4423,11.7166,4.0486,4.1237,2.0183,5.6693,-4.0347
370,-1.0365,-2.1951,-3.1128,3.9604,-1.4838,-4.6200,-0.1348
371,1.5514,4.6135,3.2129,0.9524,2.5559,0.3125,-1.7002
372,-0.6439,-3.8141,0.5837,3.7736,2.0917,-2.1807,-1.6198
373,1.6583,2.3544,1.3540,0.9091,0.3051,0.0000,3.8789
374,-0.1233,0.6053,-2.4809,-0.9009,1.3907,1.4331,0.2955
375,0.9820,-0.1203,5.4795,0.9091,-1.2002,3.1397,-3.0534
376,-0.1201,0.0000,-3.8961,-1.3514,-0.8243,0.7610,-0.0276
377,-1.5880,-0.8434,-1.1583,1.8265,0.4374,4.9849,0.6356
378,-0.5060,2.3086,0.5859,0.8969,2.9617,-1.8705,2.1694
379,1.7700,7.0071,-1.1650,-1.7778,3.6379,5.1320,-0.8870
380,2.6206,-0.9989,6.8762,1.3575,2.1224,2.5105,-1.1932
381,2.4143,3.0269,11.5809,3.1250,2.3581,-0.8163,-2.5799
382,-0.7680,-1.4146,-2.9654,3.0303,0.0000,-5.8985,0.0563
383,1.1370,-1.5453,2.0374,1.2605,-3.8657,-1.3120,0.6758
384,0.1589,1.5695,-0.6656,0.4149,-0.1219,-2.2157,0.0000
385,2.5076,1.7660,1.1725,0.0000,1.6267,1.8127,-0.1678
386,1.3684,0.2169,1.4901,-1.2397,3.2413,1.9288,-1.5688
387,0.0758,-0.4329,-2.1207,3.7657,-0.0775,0.5822,0.5977
388,-0.7583,-0.4348,-1.5000,3.6290,-1.0473,-3.1838,-0.6507
389,1.4727,1.6376,2.3689,0.3891,0.7448,0.4484,-0.0854
390,0.8047,0.7519,8.5950,1.1628,-2.6459,2.2321,0.3135
391,-0.3544,0.7463,0.1522,1.1494,-0.5995,-1.4556,2.9550
392,5.0870,5.7143,7.4468,0.0000,4.4230,3.5451,-2.2906
393,1.5851,0.4004,4.5262,0.0000,3.6966,1.4265,-0.2824
394,0.8020,1.0967,-0.5413,-0.7576,0.9655,1.5471,-0.0566
395,0.7851,0.4931,3.8095,0.3817,-0.0736,-5.5402,0.1700
396,-1.4576,-1.3739,-5.1114,-4.1825,2.4291,6.3050,0.0566
397,0.2237,0.5970,0.5525,3.9683,-0.8983,10.4828,-0.5090
398,2.3812,3.8576,2.7473,2.6718,0.4714,1.1236,-1.7337
399,0.2327,-1.9048,2.4064,0.3717,-1.2631,3.2099,0.1157
400,-1.4170,-2.8155,-2.0888,-1.1111,4.1667,1.7943,-1.5022
401,-0.6547,1.0989,-2.4000,0.0000,-3.4035,-3.5253,0.8212
402,-3.3588,-3.0632,-5.6011,-1.1236,-3.3418,-6.8210,1.6582
403,-1.1671,-5.4027,4.3415,0.3788,0.4885,-1.8301,1.4881
404,1.1951,2.0474,4.8544,-0.7547,-0.9723,2.1305,1.9456
405,2.0052,2.7455,4.6296,-0.3802,-0.7175,-1.0430,0.4979
406,2.1304,2.2610,-0.1264,0.3817,-0.4184,0.0000,1.1284
407,-0.5574,-2.7136,0.3797,0.3802,-0.3056,9.6179,3.4835
408,3.1597,4.7521,7.8184,0.3788,4.2146,7.9327,1.4201
409,-2.1056,-4.7337,5.2632,-0.3774,7.5368,-9.9109,0.0778
410,-2.4873,-1.0352,-8.8889,0.7576,-3.6239,-10.7540,0.5959
411,-1.6003,-4.9163,6.2195,-0.7519,1.3480,-2.2161,1.3909
412,-0.9378,0.0000,-10.1033,0.0000,-6.1603,-3.2578,-0.3302
413,4.2124,5.9406,6.3857,1.8939,4.9608,7.0278,-2.2939
414,1.3055,-0.2077,4.4418,1.1152,0.7463,0.9576,0.7043
415,1.6183,0.8325,3.3333,2.9412,-4.4797,3.3875,-1.1916
416,3.8105,6.0888,3.8932,2.5000,5.5761,-0.7864,-0.6816
417,1.1314,-0.5837,0.8565,-1.0453,-0.3847,17.5694,-1.1614
418,-1.7090,-0.6849,-1.0616,10.9155,-2.9143,3.3708,0.2136
419,0.4383,3.9409,-1.0730,0.3175,3.9421,3.9130,1.0660
420,4.8241,12.3223,1.8438,5.3797,-2.9923,6.7992,-1.1338
421,-2.1396,-2.7848,-0.3195,6.0060,-2.0086,-0.6856,0.0533
422,-3.8343,-3.5590,-3.5256,0.2833,-5.8931,-1.4793,1.7060
423,2.5713,2.8803,6.8660,3.6723,1.8281,2.2022,-1.6512
424,0.8673,-0.7874,4.0415,4.3597,0.7257,-0.3918,0.9061
425,-0.5636,-3.0864,-0.8964,-2.6110,-1.1756,1.8682,0.6074
426,0.0473,0.0000,1.7085,-1.8767,-3.3768,-6.9498,-0.0788
427,0.2581,-2.7298,0.8893,4.9180,-4.0111,7.4689,2.6271
428,-0.5234,-3.2741,-1.1753,1.3021,2.0687,14.0927,1.0495
429,-1.4344,1.4507,-3.1715,1.7995,0.6080,-1.2690,0.1520
430,-0.1677,-2.0019,1.6377,3.2828,0.8864,1.6281,2.0235
431,-4.4741,-8.6576,1.6113,-2.4450,-0.6789,-20.9106,1.5123
432,1.2121,2.7689,5.3518,1.5038,-2.0507,10.0213,-0.8060
433,-2.9912,-1.4508,-6.6792,1.2346,-5.0493,-2.5194,-0.3693
434,-4.6603,-4.3113,-1.2097,-0.4878,-1.5997,-3.6779,4.7448
435,-0.7278,0.8791,1.9388,-1.2255,-3.6028,-7.6367,1.5572
436,0.5477,-2.3965,7.1071,2.2333,1.9143,1.6760,4.1817
437,0.7712,3.5714,4.0187,0.9709,-1.6547,-5.0549,5.3072
438,-3.9040,-8.1897,1.4376,1.4423,2.6830,3.0093,-2.7422
439,-3.3230,-1.4085,-8.5917,-4.7393,-0.8857,-4.0449,-2.1990
440,-1.3923,-1.0714,2.5194,-0.4975,-3.1278,0.0000,2.9720
441,1.3870,2.5271,-0.5671,0.5000,7.8875,-3.1616,1.2863
442,0.6969,-1.6432,-3.0418,1.2438,-5.6007,7.9807,-2.5187
443,2.2936,2.3866,4.3137,1.9656,-3.8043,1.0078,0.3503
444,-8.9495,-19.3473,-5.9211,-2.8916,-8.2392,-9.5344,5.3349
445,4.6549,-0.4335,12.2877,1.7370,4.0534,3.1863,-0.7975
446,1.5970,1.7417,-2.4911,0.2439,1.0355,2.6128,1.0649
447,0.0268,-0.5706,8.1204,-3.4063,-2.9771,7.1759,4.7004
448,-0.7016,-6.4562,-0.1688,2.2670,1.6600,-7.1274,26.7884
449,-6.5356,-10.4294,-4.2265,0.2463,-3.2657,-2.4419,-4.5914
450,1.6355,3.2534,-1.2357,0.0000,-1.6880,0.4768,-1.6313
451,2.8135,-1.3267,5.8088,1.7199,9.3652,2.3725,8.3748
452,0.5940,3.3613,-4.3919,0.0000,-3.6632,-1.9699,-1.5302
453,1.5926,3.0894,-2.8269,0.2415,3.6049,1.6548,-4.3512
454,3.4071,4.2587,3.6364,-0.4819,-3.5748,-3.8372,1.7059
455,2.0092,16.6415,-3.2456,-0.2421,-3.0153,-1.0883,-4.2732
456,-5.0756,-12.4514,0.9973,3.6408,4.8930,-8.8020,1.8773
457,1.8696,7.1111,-1.7056,0.9368,-1.0690,-4.1555,-2.9484
458,-0.2099,2.9046,-6.7580,0.4640,-5.3536,4.0559,-4.9367
459,-6.1304,-6.9892,-11.9491,0.0000,-11.5724,-6.5860,-0.3995
460,3.9556,11.5607,4.2269,-1.3857,13.3216,-0.8633,-3.3422
461,-1.3640,1.2953,-2.8815,0.0000,-11.8591,-6.3861,0.5994
462,0.8372,1.5345,-2.7473,0.0000,-8.0494,-1.5504,-2.2365
463,-0.6550,1.6373,-8.0226,-0.4684,1.5335,-2.3622,-1.0688
464,2.5943,2.4783,-6.7568,-1.1765,12.0831,2.0968,-2.0091
465,-1.7990,-3.6276,3.1621,-0.7143,-9.3206,-2.8436,2.2727
466,-3.3841,-2.6349,-3.7037,-0.9592,-6.2539,-10.5691,1.9385
467,1.4715,4.5103,-1.5915,-2.1792,-0.4624,2.7273,-2.0037
468,-1.5517,-1.8496,-4.1779,-2.2277,0.3318,-2.6549,-0.3408
469,-1.7742,0.5025,2.5316,1.2658,-4.7619,-3.0909,2.8495
470,3.2153,-1.1250,1.5089,2.0000,12.1528,8.6304,1.2006
471,7.3815,15.6764,6.6216,1.4706,2.4768,2.0725,-2.3179
472,3.3990,-0.1093,7.3511,0.0000,10.9366,9.1371,-1.4387
473,1.1156,-1.2035,-2.2432,-2.1739,3.9760,3.8760,-1.2133
474,-0.4716,-1.6611,0.3623,2.2222,-7.0194,-4.1791,0.4989
475,0.2570,-0.1126,3.3694,-2.4155,-1.6338,-1.0903,0.5538
476,0.4583,-2.2548,7.6834,2.2277,5.1546,19.3701,1.0065
477,0.0784,1.4994,-2.5946,-2.9056,6.1002,37.2032,1.1092
478,-1.6736,-1.5909,-2.5527,-0.7481,-2.2074,8.9423,1.2830
479,1.7389,5.4273,7.2893,0.0000,1.3648,7.6787,0.2846
480,-3.3577,0.5476,-6.5817,1.5075,-6.8876,12.2131,2.6545
481,-6.0611,-9.1503,3.6364,-2.2277,-4.8387,-5.8437,0.7133
482,-0.2677,-4.3165,-2.8509,0.0000,-0.5260,6.2064,-1.3280
